question,ground_truth,image,explanation
"We are a student engineering team designing a vehicle for the FSAE competition. Attached is the FSAE rules document. Also attached is an image that shows the results from an FEA simulation performed on the battery structure. The battery structure is made from non-welded 6061-T6 aluminum tubing. Based on the results presented in the image and rule F.3.5.3b in the rule document, can we use the battery structure in the vehicle?  First provide an explanation for your answer (begin it with ‘Explanation:’). Then provide just a yes/no answer (begin it with ‘Answer:’) that summarizes your response.",yes,1.png,We should use the battery structure in the vehicle because the stress result in the FEA model is less than the yield strength of non-welded 6061-T6 tubing (240 Mpa).
"We are a student engineering team designing a vehicle for the FSAE competition. Attached is the FSAE rules document. Also attached is an image that shows the results from an FEA simulation performed on the battery structure. The battery structure is made from non-welded 6061-T6 aluminum tubing. Based on the results presented in the image and rule F.3.5.3b in the rule document, can we use the battery structure in the vehicle? First provide an explanation for your answer (begin it with ‘Explanation:’). Then provide just a yes/no answer (begin it with ‘Answer:’) that summarizes your response.",no,2.png,We should not use the battery structure in the vehicle because the stress result in the FEA model exceeds the yield strength of non-welded 6061-T6 tubing (240 Mpa).
"We are a student engineering team designing a vehicle for the FSAE competition. Attached is the FSAE rules document. Also attached is an image that shows information about the riders that can be accommodated in the vehicle. At the top of the image, there is general anthropomorphic information. Below that, there is information about the largest man and smallest woman our vehicle can accommodate. Based on the information presented in the image, does our vehicle comply with rule V.2.1.1 presented in the rule document? First provide an explanation for your answer (begin it with ‘Explanation:’). Then provide just a yes/no answer (begin it with ‘Answer:’) that summarizes your response.",yes,3.png,"V.2.1.1 states that the vehicle must be able to accommodate drivers of sizes ranging from 5th percentile female
up to 95th percentile male. Based on the data presented, we can see that the data for the largest man and smallest woman that the vehicle can accommodate match the 5th percentile female and 95th percentile male anthropomorphic data. Therefore, the vehicle complies with V.2.1.1."
"We are a student engineering team designing a vehicle for the FSAE competition. Attached is the FSAE rules document. Also attached is an image that shows information about the riders that can be accommodated in the vehicle. At the top of the image, there is general anthropomorphic information. Below that, there is information about the largest man and smallest woman our vehicle can accommodate. Based on the information presented in the image, does our vehicle comply with rule V.2.1.1 presented in the rule document? First provide an explanation for your answer (begin it with ‘Explanation:’). Then provide just a yes/no answer (begin it with ‘Answer:’) that summarizes your response.",no,4.png,"V.2.1.1 states that the vehicle must be able to accommodate drivers of sizes ranging from 5th percentile female
up to 95th percentile male. Based on the data presented, we can see that the weight of the largest man that can be accomodated is 100 kg, which is less than the weight of the 95th percentile man (102 kg). Therefore, the vehicle violates rule V.2.1.1."
"We are a student engineering team designing a vehicle for the FSAE competition. Attached is the FSAE rules document. Also attached is an image that shows the calculated values of TS voltage over time. For Tractive System Measuring Points (TSMP), a 10 kOhm resistor could be used to limit the current. Based on this image and rule EV.5.8.4 in the rule document, can we use the resistor for TSMP? First provide an explanation for your answer (begin it with ‘Explanation:’). Then provide just a yes/no answer (begin it with ‘Answer:’) that summarizes your response.",yes,5.png,"EV.5.8.4a states that accumulator max voltage between 200 and 400 volts requires a 10kOhm resistor. The image shows the max voltage is in the 200 to 400 range, so a 10kOhm resistor will work."
"We are a student engineering team designing a vehicle for the FSAE competition. Attached is the FSAE rules document. Also attached is an image that shows the calculate values of TS voltage over time. For Tractive System Measuring Points (TSMP), a 10 kOhm resistor could be used to limit the current. Based on this image and rule EV.5.8.4 in the rule document, can we use the resistor for TSMP? First provide an explanation for your answer (begin it with ‘Explanation:’). Then provide just a yes/no answer (begin it with ‘Answer:’) that summarizes your response.",no,6.png,"EV.5.8.4a states that accumulator max voltage between 400 and 600 volts requires a 15kOhm resistor. The image shows the max voltage is in this 400 to 600 range, so a 15kOhm resistor (and not an 10 kOhm resistor) is needed."
"We are a student engineering team designing a vehicle for the FSAE competition. Attached is the FSAE rules document. Also attached is an image that shows the force-displacement curve of the impact attenuator obtained from experiments. Assuming the impact attenuator is a standard honeycomb type, and based on this image and rule F.8.7.2 in the rule document, can we use the impact attenuator in the vehicle? First provide an explanation for your answer (begin it with ‘Explanation:’). Then provide just a yes/no answer (begin it with ‘Answer:’) that summarizes your response.",yes,7.png,"F.8.7.2 states that the peak load for a standard honeycomb impact attenuator is 60 kN. The force-displacement curve shows that the peak load is less than 60 kN, so this impact attenuator can be used."
"We are a student engineering team designing a vehicle for the FSAE competition. Attached is the FSAE rules document. Also attached is an image that shows the force-displacement curve of the impact attenuator obtained from experiments. Assuming the impact attenuator is a standard honeycomb type, and based on this image and rule F.8.7.2 in the rule document, can we use the impact attenuator in the vehicle? First provide an explanation for your answer (begin it with ‘Explanation:’). Then provide just a yes/no answer (begin it with ‘Answer:’) that summarizes your response.",no,8.png,"F.8.7.2 states that the peak load for a standard honeycomb impact attenuator is 60 kN. The force-displacement curve shows that the peak load surpasses 62.5 kN, which violates F.8.7.2. Therefore this impact attenuator should not be used."
"We are a student engineering team designing a vehicle for the FSAE competition. Attached is the FSAE rules document. Also attached is an image that shows the results from an FEA simulation performed on an assembly of frame tubes. The frame tubes are made from welded steel tubing. Based on the results presented in the image and rule F.3.4.2b in the rule document, should we use the assembly in the vehicle? First provide an explanation for your answer (begin it with ‘Explanation:’). Then provide just a yes/no answer (begin it with ‘Answer:’) that summarizes your response.",no,9.png,"F.3.4.2b states that the yield strength of welded steel is 180 MPa. The FEA shows that the maximum stress is 250 MPa, which exceeds the yield strength. Therefore this assembly should not be used."
"We are a student engineering team designing a vehicle for the FSAE competition. Attached is the FSAE rules document. Also attached is an image that shows the results from an FEA simulation performed on an assembly of frame tubes. The frame tubes are made from welded steel tubing. Based on the results presented in the image and rule F.3.4.2b in the rule document, should we use the assembly in the vehicle? First provide an explanation for your answer (begin it with ‘Explanation:’). Then provide just a yes/no answer (begin it with ‘Answer:’) that summarizes your response.",yes,10.png,"F.3.4.2b states that the yield strength of welded steel is 180 MPa. The FEA shows that the maximum stress is 150 MPa, which is less than the yield strength. This assembly can be used."
"We are a student engineering team designing a vehicle for the FSAE competition. Attached is the FSAE rules document. Also attached is an image that shows the calculation of the stress on the pedal slats due to a force applied on the pedal. Based on rule T.3.2.2 in the rule document, did we use correct inputs in our analysis? First provide an explanation for your answer (begin it with ‘Explanation:’). Then provide just a yes/no answer (begin it with ‘Answer:’) that summarizes your response.",yes,11.png,The input force on the brakes is over the 2000 N required in the rules.
"We are a student engineering team designing a vehicle for the FSAE competition. Attached is the FSAE rules document. Also attached is an image that shows the calculation of the stress on the pedal slats due to a force applied on the pedal. Based on rule T.3.2.2 in the rule document, did we use correct inputs in our analysis? First provide an explanation for your answer (begin it with ‘Explanation:’). Then provide just a yes/no answer (begin it with ‘Answer:’) that summarizes your response.",no,12.png,The input force on the brakes in the calculation is less than the 2000 N required in the rules.
"We are a student engineering team designing a vehicle for the FSAE competition. Attached is the FSAE rules document. Also attached is an image the results from an experiment where the temperature of gearbox components was measured over time. Based on rule T.1.6.1 in the rule document and assuming that the driver may come in contact with the gearbox, can we omit insulation around the gearbox?  First provide an explanation for your answer (begin it with ‘Explanation:’). Then provide just a yes/no answer (begin it with ‘Answer:’) that summarizes your response.",yes,13.png,"Rule T.1.6.1 states that sufficient heat insulation must be provided to ensure that the driver will not contact any metal or other materials which may become heated to a surface temperature above 60 degrees C. The image shows that the gearbox temperature does not surpass 60 degrees C, so insulation can be omitted."
"We are a student engineering team designing a vehicle for the FSAE competition. Attached is the FSAE rules document. Also attached is an image the results from an experiment where the temperature of gearbox components was measured over time. Based on rule T.1.6.1 in the rule document and assuming that the driver may come in contact with the gearbox, can we omit insulation around the gearbox?  First provide an explanation for your answer (begin it with ‘Explanation:’). Then provide just a yes/no answer (begin it with ‘Answer:’) that summarizes your response.",no,14.png,"Rule T.1.6.1 states that sufficient heat insulation must be provided to ensure that the driver will not contact any metal or other materials which may become heated to a surface temperature above 60 degrees C. The image shows that the gearbox temperature exceeds 60 degrees C, so insulation cannot be omitted."
"We are a student engineering team designing a vehicle for the FSAE competition. Attached is the FSAE rules document. Also attached is an image that shows the results from an FEA simulation performed on the mount that connects a motor to the structural frame. The frame is made from non-welded 6061-T6 aluminum tubing. Based on the results presented in the image and rule F.3.5.3b in the rule document, should we use the motor mount in the vehicle?  First provide an explanation for your answer (begin it with ‘Explanation:’). Then provide just a yes/no answer (begin it with ‘Answer:’) that summarizes your response.",yes,15.png,The stress on the frame does not exceed the yield stress of 240 Mpa.
"We are a student engineering team designing a vehicle for the FSAE competition. Attached is the FSAE rules document. Also attached is an image that shows the results from an FEA simulation performed on the mount that connects a motor to the structural frame. The frame is made from non-welded 6061-T6 aluminum tubing. Based on the results presented in the image and rule F.3.5.3b in the rule document, should we use the motor mount in the vehicle?  First provide an explanation for your answer (begin it with ‘Explanation:’). Then provide just a yes/no answer (begin it with ‘Answer:’) that summarizes your response.",no,16.png,The stress on the frame does not exceed the yield stress of 240 Mpa.